,Heating QC,house_score,exter_score,fireplace_score,garage_score,kitchen_score,total_baths,basement_score
0,4,14,5,0,3.0,4,2,5
1,3,9,6,0,9.0,6,2,7
2,5,12,7,4,,4,3,8
3,3,11,7,0,6.0,3,1,6
4,4,11,6,8,,3,2,7
5,3,10,6,0,7.0,3,2,6
6,3,10,6,0,7.0,3,1,6
7,3,12,6,0,7.0,4,2,8
8,5,12,7,0,,4,3,7
9,3,12,6,4,7.0,3,2,6
10,4,11,7,0,,4,2,7
11,4,13,6,0,7.0,3,1,6
12,5,11,6,3,7.0,3,1,6
13,5,12,6,6,9.0,6,6,8
14,3,13,6,4,6.0,3,1,6
15,5,11,6,4,,3,1,0
16,3,12,6,8,7.0,6,2,6
17,3,10,6,0,7.0,3,1,6
18,3,12,6,6,,3,2,6
19,4,17,8,4,7.0,4,2,6
20,5,13,7,3,7.0,4,1,6
21,5,11,6,0,7.0,3,1,6
22,5,11,7,2,,4,2,7
23,5,11,6,6,7.0,3,1,6
24,5,13,7,0,,4,2,7
25,3,12,6,0,7.0,3,1,6
26,4,8,7,4,7.0,3,2,5
27,3,11,6,0,4.0,5,1,4
28,5,13,7,0,,4,1,6
29,3,8,6,0,,2,1,6
30,3,10,6,0,7.0,3,1,6
31,3,9,6,0,7.0,3,1,6
32,3,14,7,4,7.0,4,2,5
33,4,11,6,2,7.0,4,2,7
34,5,12,7,3,,4,2,7
35,5,12,6,0,9.0,4,2,7
36,3,10,6,3,5.0,2,1,5
37,3,11,5,0,6.0,3,1,0
38,4,12,7,0,7.0,4,1,6
39,5,12,7,0,7.0,4,2,7
40,5,11,7,0,,4,3,7
41,4,12,7,3,9.0,4,3,7
42,4,11,6,0,7.0,4,1,6
43,5,12,7,6,7.0,3,1,6
44,5,13,7,6,9.0,4,2,7
45,3,10,6,3,,3,2,6
46,5,12,7,3,,4,3,7
47,4,10,6,0,7.0,3,1,6
48,5,12,6,0,9.0,3,1,6
49,2,10,6,0,9.0,3,2,6
50,4,10,6,0,5.0,3,1,6
51,5,17,8,0,7.0,4,3,4
52,5,13,7,4,,4,2,7
53,5,11,6,0,7.0,4,2,6
54,4,10,6,0,9.0,3,1,6
55,4,14,6,0,,4,1,6
56,5,13,7,0,7.0,3,2,6
57,3,10,6,3,7.0,3,1,6
58,2,12,6,3,7.0,3,2,6
59,5,12,7,3,,4,3,7
60,5,13,7,3,9.0,4,2,7
61,2,9,6,0,7.0,3,1,5
62,3,11,6,8,7.0,3,1,6
63,3,13,6,0,9.0,3,2,8
64,5,11,8,0,,4,3,7
65,5,13,7,8,9.0,4,2,7
66,3,8,6,0,,3,1,6
67,5,11,7,4,,4,2,7
68,5,9,6,0,,4,1,6
69,5,11,7,3,,4,1,7
70,4,9,7,0,7.0,3,1,5
71,5,13,7,4,9.0,5,3,8
72,3,10,5,9,,3,2,7
73,4,12,7,3,,4,3,7
74,5,12,6,0,7.0,3,2,7
75,2,11,6,4,,3,2,7
76,5,15,8,4,9.0,5,4,8
77,3,9,5,3,7.0,3,1,0
78,5,11,6,0,,3,2,6
79,3,12,6,0,,3,1,0
80,5,14,8,4,9.0,5,2,8
81,5,12,7,4,,4,2,7
82,2,11,6,0,7.0,3,1,6
83,4,12,7,4,7.0,4,2,5
84,4,10,7,0,7.0,3,2,7
85,4,11,6,0,,4,3,7
86,5,13,8,4,,5,3,8
87,3,11,6,0,7.0,3,1,6
88,2,11,6,4,,3,2,7
89,3,14,7,3,,3,3,7
90,3,13,6,0,7.0,3,1,6
91,4,12,7,0,7.0,4,1,6
92,4,11,6,0,6.0,3,2,5
93,4,13,6,0,6.0,2,1,7
94,4,13,7,4,9.0,4,2,7
95,5,12,7,0,6.0,3,2,6
96,3,12,6,4,7.0,3,2,6
97,3,11,6,3,7.0,4,1,6
98,5,13,7,4,,4,2,8
99,5,11,7,0,,4,3,7
100,5,14,7,0,9.0,4,3,7
101,5,17,10,4,9.0,5,2,8
102,3,11,6,8,9.0,3,2,6
103,3,10,6,0,7.0,3,1,6
104,5,15,8,8,9.0,5,2,8
105,5,12,6,8,7.0,3,2,6
106,4,14,7,0,,4,1,6
107,4,11,6,3,9.0,4,3,7
108,3,11,6,3,,3,3,7
109,3,11,6,0,7.0,6,2,6
110,3,7,4,0,,6,2,6
111,3,11,6,4,,3,2,6
112,5,13,7,3,9.0,4,3,7
113,5,11,6,3,,3,2,0
114,5,10,6,0,,3,1,7
115,5,12,7,2,,4,2,7
116,5,15,8,3,9.0,4,4,8
117,4,14,7,1,7.0,8,2,7
118,3,10,6,0,7.0,3,3,6
119,5,14,8,4,,5,2,8
120,5,12,6,4,9.0,4,3,6
121,5,15,8,4,9.0,5,2,8
122,5,13,7,4,9.0,5,3,7
123,5,14,7,4,9.0,4,2,8
124,4,12,6,0,9.0,3,2,7
125,3,9,7,0,8.0,3,1,5
126,5,14,7,4,9.0,5,3,8
127,5,12,7,0,,3,1,6
128,4,12,6,0,7.0,4,1,6
129,3,12,7,4,,3,1,6
130,5,14,7,4,,4,2,7
131,3,10,7,2,7.0,3,2,7
132,4,11,6,6,9.0,3,3,7
133,5,10,7,6,7.0,3,2,7
134,4,14,6,4,7.0,4,1,6
135,4,11,6,0,7.0,3,3,7
136,5,13,8,6,7.0,3,2,7
137,5,13,7,0,7.0,4,2,7
138,5,12,7,0,7.0,4,2,7
139,5,11,7,4,,4,2,7
140,3,12,6,0,9.0,3,1,7
141,3,13,6,3,,4,2,6
142,4,11,6,0,7.0,4,1,6
143,5,13,6,0,7.0,3,1,6
144,3,8,6,8,7.0,3,1,6
145,4,13,7,0,,3,2,0
146,4,10,6,0,7.0,6,2,6
147,4,12,6,0,5.0,3,2,6
148,5,13,6,0,9.0,3,2,7
149,5,10,6,0,5.0,2,2,4
150,3,12,7,0,,4,2,7
151,5,12,7,0,,4,3,7
152,5,12,6,0,7.0,4,2,6
153,4,13,6,0,,3,1,6
154,3,10,6,1,,3,1,6
155,5,13,7,0,5.0,4,1,6
156,3,12,6,0,7.0,3,1,6
157,5,8,6,0,,3,2,6
158,3,13,6,0,,4,1,6
159,5,12,7,3,,4,3,8
160,5,13,7,3,9.0,4,3,7
161,5,11,6,3,9.0,4,2,7
162,5,11,6,0,7.0,3,1,6
163,3,12,6,0,7.0,3,1,6
164,5,15,8,8,9.0,5,3,8
165,5,14,8,4,,5,2,8
166,5,13,6,4,,4,2,7
167,5,11,6,0,7.0,4,1,7
168,5,12,7,0,9.0,4,2,7
169,5,12,7,5,9.0,4,3,7
170,5,12,7,0,7.0,4,2,7
171,5,15,7,6,9.0,5,4,8
172,5,10,7,0,7.0,3,1,8
173,5,10,6,2,9.0,3,2,6
174,5,12,7,0,,4,3,7
175,5,12,7,3,9.0,4,3,7
176,3,13,6,4,,4,2,6
177,5,11,6,0,6.0,5,1,5
178,3,9,6,0,,6,2,6
179,3,9,6,0,7.0,3,2,6
180,4,10,6,0,,3,2,6
181,5,7,6,4,,3,1,5
182,4,12,6,4,,3,3,6
183,3,14,7,8,,4,3,6
184,5,12,7,0,9.0,4,3,7
185,3,11,6,3,,3,2,7
186,3,11,6,0,7.0,3,1,6
187,5,12,7,4,9.0,4,3,7
188,3,14,6,4,7.0,4,2,7
189,4,10,6,0,7.0,3,1,6
190,2,6,6,0,6.0,2,1,0
191,3,12,6,3,,3,3,7
192,5,11,6,1,,3,1,7
193,5,13,7,0,9.0,2,1,7
194,3,10,6,0,7.0,3,1,8
195,5,11,7,4,9.0,4,3,7
196,5,12,6,3,,3,1,7
197,5,13,7,4,9.0,4,3,7
198,2,10,6,6,7.0,3,2,5
199,3,11,7,0,,3,1,6
200,5,12,6,0,7.0,3,1,7
201,5,13,7,3,9.0,4,3,8
202,5,13,6,0,6.0,3,2,6
203,3,13,7,0,7.0,3,1,6
204,5,11,7,0,,4,3,7
205,5,13,6,0,7.0,4,1,6
206,3,9,6,0,7.0,3,1,0
207,4,11,6,3,,3,3,7
208,3,14,7,0,7.0,3,2,6
209,5,13,7,4,,4,2,8
210,5,11,7,4,9.0,4,3,7
211,4,11,6,3,9.0,3,3,7
212,3,12,7,3,,4,3,6
213,3,11,6,0,7.0,4,2,6
214,3,12,6,8,,3,2,7
215,5,14,7,3,,5,2,7
216,4,12,7,0,9.0,4,3,7
217,3,13,6,8,7.0,3,1,7
218,4,15,7,8,7.0,3,2,6
219,3,10,7,0,,4,1,6
220,5,12,6,0,,4,1,6
221,5,12,7,0,7.0,4,3,7
222,4,11,6,0,7.0,6,0,6
223,3,11,6,3,,3,2,6
224,5,11,7,4,9.0,4,3,7
225,3,12,6,4,7.0,3,1,6
226,3,12,6,0,9.0,4,1,6
227,5,13,7,4,7.0,4,3,7
228,5,12,7,0,,4,3,7
229,5,9,6,0,7.0,3,1,6
230,5,12,7,3,,4,3,7
231,5,12,6,8,,2,1,6
232,5,10,6,0,,3,1,7
233,3,9,6,8,7.0,3,1,6
234,3,9,6,2,7.0,3,1,6
235,4,12,8,5,7.0,4,2,6
236,4,11,6,3,9.0,3,3,7
237,3,12,6,0,7.0,3,1,5
238,5,14,8,12,9.0,5,4,8
239,5,13,7,5,9.0,5,2,8
240,5,12,7,4,,4,2,9
241,5,13,7,4,,4,3,7
242,3,11,6,0,7.0,3,2,7
243,5,13,7,4,9.0,5,3,7
244,5,12,7,5,9.0,4,3,8
245,5,14,8,4,9.0,5,2,8
246,5,13,7,4,,4,2,7
247,3,11,6,0,7.0,3,1,4
248,4,11,6,1,7.0,3,1,6
249,5,11,6,3,9.0,3,3,7
250,5,14,8,4,,5,2,8
251,4,13,7,4,9.0,4,2,7
252,5,11,6,8,7.0,3,1,6
253,5,13,7,3,,4,3,7
254,5,12,7,4,9.0,4,3,7
255,3,11,6,3,7.0,4,2,7
256,5,8,7,0,4.0,3,1,6
257,4,11,6,0,,3,1,5
258,5,14,8,10,9.0,5,3,8
259,5,12,8,3,,4,3,8
260,4,14,7,4,,4,3,6
261,5,12,7,4,9.0,4,3,7
262,3,12,6,0,7.0,3,2,6
263,3,11,6,0,7.0,3,2,6
264,5,11,6,8,,3,1,6
265,5,12,7,4,,4,3,9
266,3,11,6,0,7.0,3,2,6
267,3,11,7,0,,3,1,6
268,5,12,7,3,7.0,4,3,7
269,3,11,6,0,,3,2,6
270,4,11,6,0,9.0,3,1,7
271,5,12,6,4,7.0,6,2,5
272,5,12,7,0,,4,3,8
273,5,14,6,0,7.0,4,2,5
274,5,17,7,8,7.0,4,4,6
275,3,10,6,0,7.0,3,1,6
276,3,9,6,0,7.0,3,1,7
277,5,11,7,0,9.0,4,1,7
278,5,12,6,3,7.0,4,2,7
279,4,10,6,0,7.0,3,1,0
280,3,10,6,0,7.0,3,1,6
281,5,13,7,4,9.0,4,3,7
282,3,14,6,0,7.0,2,2,6
283,3,10,6,0,,3,1,7
284,5,12,6,0,7.0,3,1,6
285,5,12,7,4,7.0,3,1,7
286,5,13,7,4,9.0,4,3,7
287,3,14,6,4,7.0,3,3,7
288,3,11,6,0,7.0,3,2,5
289,3,9,6,0,5.0,3,1,4
290,3,11,6,0,7.0,3,1,6
291,4,12,6,0,7.0,3,1,6
292,3,12,7,0,,6,2,0
293,5,7,6,0,7.0,3,2,6
294,4,11,6,0,9.0,3,1,0
295,4,11,6,3,7.0,3,2,6
296,5,11,7,3,,4,1,7
297,5,12,7,0,,4,3,7
298,5,12,7,3,9.0,4,3,7
299,5,13,7,3,9.0,4,2,8
300,3,9,6,4,7.0,3,1,6
301,3,12,6,0,7.0,6,2,7
302,5,14,8,4,9.0,5,2,8
303,3,11,6,0,7.0,3,1,6
304,3,10,6,0,7.0,3,2,6
305,3,9,6,0,7.0,3,1,5
306,3,8,6,0,,3,1,6
307,5,11,6,8,9.0,3,2,6
308,5,12,7,4,,4,2,8
309,3,10,6,0,6.0,6,2,8
310,3,11,6,0,7.0,3,2,6
311,4,12,7,12,9.0,3,2,7
312,5,13,7,0,9.0,4,2,7
313,4,12,7,4,7.0,4,2,8
314,5,13,7,4,9.0,4,3,7
315,3,10,6,0,,6,3,0
316,5,11,7,5,9.0,5,2,8
317,5,14,8,4,9.0,5,3,8
318,5,13,7,3,9.0,4,2,8
319,5,12,7,3,9.0,4,3,7
320,3,9,6,3,7.0,4,1,6
321,4,9,6,0,,3,1,0
322,5,13,6,0,7.0,3,1,7
323,3,11,6,4,7.0,4,2,6
324,5,13,7,0,,4,2,7
325,3,10,6,0,,3,1,6
326,3,12,6,0,,3,2,7
327,3,12,7,0,7.0,3,1,6
328,5,12,7,0,9.0,4,2,7
329,5,16,8,6,9.0,4,2,6
330,4,11,6,4,7.0,3,2,6
331,5,9,6,0,6.0,6,2,6
332,4,11,6,0,9.0,4,3,7
333,4,10,6,0,6.0,6,2,6
334,4,13,7,9,9.0,3,1,7
335,3,13,6,0,7.0,3,1,5
336,4,13,6,4,6.0,3,2,5
337,3,13,7,0,7.0,3,1,5
338,4,11,8,0,,3,2,5
339,3,11,6,4,7.0,3,1,5
340,3,13,7,3,9.0,4,1,7
341,3,11,5,6,,4,2,6
342,4,10,6,0,,3,1,5
343,4,12,7,4,7.0,3,1,6
344,5,11,6,0,,4,3,7
345,5,13,7,3,,4,3,7
346,5,13,7,3,,4,3,7
347,4,11,6,3,9.0,3,3,7
348,3,10,6,0,,3,1,6
349,5,12,7,4,9.0,4,3,7
350,3,11,6,3,7.0,3,1,6
351,3,12,5,0,,3,3,5
352,3,13,6,3,9.0,3,2,6
353,4,13,6,0,7.0,3,2,6
354,5,13,7,4,,4,2,8
355,5,9,7,4,,3,2,6
356,5,14,8,4,9.0,4,3,7
357,5,13,6,0,7.0,4,1,6
358,5,12,7,0,9.0,4,2,7
359,5,13,7,3,9.0,4,3,7
360,3,12,6,0,,2,2,6
361,3,13,6,6,7.0,2,1,6
362,3,7,6,0,6.0,3,1,6
363,4,8,6,0,5.0,1,2,6
364,3,10,6,0,7.0,6,2,6
365,5,13,7,0,,4,2,8
366,5,13,7,4,9.0,4,2,7
367,4,9,6,6,,3,2,6
368,5,11,6,3,9.0,4,2,7
369,5,12,7,0,9.0,4,3,7
370,5,11,7,0,6.0,3,1,6
371,3,11,6,0,,6,4,6
372,4,12,6,0,7.0,3,2,6
373,5,12,6,4,7.0,3,1,6
374,5,14,7,3,,5,3,8
375,4,11,6,0,7.0,3,1,6
376,5,13,7,4,9.0,4,2,8
377,4,15,7,4,7.0,4,2,6
378,5,13,7,4,9.0,4,2,8
379,5,12,7,4,,4,2,7
380,3,10,7,0,9.0,4,2,7
381,5,13,6,0,7.0,3,2,7
382,3,11,5,4,7.0,6,2,6
383,5,14,8,4,9.0,5,2,8
384,5,13,7,4,9.0,5,3,8
385,5,12,8,3,7.0,4,3,7
386,5,12,6,4,7.0,3,2,8
387,3,9,5,4,6.0,6,2,5
388,5,17,8,4,7.0,4,2,5
389,3,12,6,0,7.0,3,1,6
390,5,12,6,0,7.0,3,1,6
391,3,10,6,0,7.0,3,2,6
392,5,12,8,4,9.0,5,2,8
393,3,12,6,3,7.0,3,3,7
394,4,10,6,0,6.0,4,2,6
395,5,12,6,0,,4,2,7
396,5,7,6,4,,3,1,6
397,5,11,7,4,9.0,4,2,7
398,4,11,6,3,9.0,3,3,7
399,3,10,6,0,7.0,3,1,7
400,3,7,5,0,,3,1,6
401,4,15,7,0,,3,2,7
402,3,12,7,3,9.0,4,2,6
403,5,11,6,4,6.0,3,2,6
404,5,13,7,4,,4,2,8
405,4,10,6,0,7.0,3,2,6
406,3,10,6,0,7.0,3,1,6
407,4,12,7,4,6.0,6,2,6
408,5,13,7,3,,4,3,7
409,5,13,7,4,9.0,5,3,7
410,3,12,6,0,7.0,3,1,6
411,3,11,6,0,7.0,3,1,5
412,4,11,7,0,7.0,3,2,6
413,3,14,6,3,,4,3,7
414,4,8,6,3,9.0,3,3,0
415,5,13,7,3,,4,3,7
416,5,13,7,3,9.0,4,3,7
417,3,10,6,4,7.0,3,2,6
418,5,12,6,0,9.0,3,3,7
419,4,10,6,0,7.0,3,1,6
420,5,9,6,3,,3,2,6
421,5,13,7,8,9.0,4,3,6
422,4,11,6,0,9.0,3,2,6
423,4,9,6,0,7.0,4,4,5
424,5,15,7,0,6.0,3,2,6
425,5,12,7,3,,4,2,7
426,5,15,8,4,9.0,5,3,8
427,3,13,7,6,9.0,4,1,7
428,5,12,7,0,,4,3,7
429,3,13,6,0,7.0,0,1,6
430,5,14,7,3,9.0,4,2,7
431,5,9,6,0,9.0,4,2,0
432,4,13,6,0,7.0,3,1,6
433,3,12,6,0,7.0,4,1,6
434,5,12,7,4,9.0,4,3,7
435,3,11,6,0,6.0,4,1,6
436,5,13,7,4,,4,4,8
437,5,12,7,4,,4,2,7
438,4,12,6,3,,3,3,6
439,5,12,7,0,,4,3,7
440,4,9,6,6,,3,1,4
441,5,14,7,0,,4,3,7
442,3,10,6,2,,3,2,6
443,4,14,6,0,7.0,3,1,5
444,3,12,7,3,,3,2,7
445,3,12,6,3,,3,1,7
446,5,13,6,8,7.0,5,1,6
447,3,3,4,0,4.0,3,1,4
448,3,11,6,0,6.0,4,1,6
449,5,12,7,3,9.0,4,3,7
450,4,10,6,0,12.0,5,1,6
451,3,13,6,8,7.0,4,3,6
452,5,13,7,4,,4,2,7
453,5,12,7,4,,4,2,7
454,4,12,6,6,6.0,6,2,6
455,5,12,7,0,,4,3,7
456,5,13,7,4,,4,3,7
457,5,12,7,3,7.0,4,2,7
458,5,11,6,0,7.0,2,1,6
459,5,13,7,3,9.0,4,3,7
460,5,12,6,0,7.0,2,1,6
461,3,12,7,3,9.0,4,2,7
462,2,11,6,0,,3,1,6
463,3,11,6,2,,3,2,6
464,5,16,8,10,9.0,5,4,8
465,5,11,6,0,7.0,3,1,6
466,5,12,7,4,9.0,4,3,7
467,4,12,7,3,7.0,4,3,7
468,5,12,7,3,,4,3,7
469,3,11,6,0,7.0,3,1,7
470,3,12,6,0,7.0,3,1,6
471,4,12,6,0,,4,1,7
472,5,12,7,0,,4,2,7
473,4,11,6,3,9.0,4,3,7
474,3,10,6,0,,3,1,6
475,4,12,7,3,,4,3,7
476,5,13,7,3,,4,2,7
477,3,12,6,0,7.0,2,1,6
478,5,10,6,0,9.0,3,3,6
479,3,10,5,0,7.0,3,1,6
480,5,11,7,4,9.0,4,2,7
481,5,7,7,0,7.0,3,1,0
482,4,12,6,3,9.0,4,3,7
483,5,12,6,0,,5,1,7
484,4,12,7,0,9.0,4,3,7
485,3,14,6,8,7.0,3,3,7
486,3,12,6,4,,3,1,6
487,5,11,7,4,9.0,4,1,7
488,3,11,6,1,9.0,4,2,7
489,5,11,7,4,9.0,4,2,7
490,5,13,6,0,9.0,3,1,6
491,3,9,6,0,,6,2,6
492,5,12,7,0,,4,2,7
493,5,14,7,0,7.0,3,3,6
494,5,13,6,6,,3,3,7
495,5,14,8,8,9.0,5,3,8
496,5,12,7,3,9.0,4,2,7
497,3,9,4,0,,3,1,6
498,5,13,6,2,7.0,3,1,6
499,5,9,6,1,,3,3,6
500,3,10,6,0,9.0,3,1,6
501,5,11,7,4,9.0,4,3,7
502,5,13,8,4,7.0,3,3,6
503,5,12,7,0,9.0,4,2,7
504,5,11,7,0,,4,2,7
505,4,11,7,4,,4,2,7
506,5,13,8,0,7.0,3,1,6
507,3,16,7,6,7.0,4,3,8
508,2,12,6,4,4.0,2,1,6
509,3,11,6,3,,3,2,7
510,5,13,7,4,,4,3,7
511,3,7,6,4,,2,2,6
512,4,11,6,2,7.0,4,2,6
513,4,11,6,0,7.0,3,2,5
514,5,12,7,0,7.0,3,1,6
515,3,7,7,0,6.0,3,1,6
516,5,11,6,8,7.0,3,2,6
517,3,10,7,8,7.0,3,2,6
518,5,12,7,3,7.0,4,3,7
519,5,13,7,4,,5,2,8
520,5,13,7,3,7.0,4,3,7
521,4,11,6,0,7.0,3,1,6
522,3,11,5,0,7.0,3,2,6
523,5,6,6,0,6.0,3,2,6
524,4,10,6,0,9.0,3,2,6
525,5,12,7,3,9.0,4,2,7
526,5,14,8,4,,5,3,8
527,3,13,7,3,9.0,4,1,7
528,3,10,6,0,,6,2,0
529,4,13,6,0,6.0,4,1,6
530,4,7,5,0,,4,1,5
531,3,13,6,0,7.0,3,1,6
532,5,11,7,4,7.0,4,3,7
533,3,12,6,0,7.0,3,2,6
534,5,12,7,0,,4,2,7
535,5,13,6,4,7.0,4,3,6
536,3,12,7,4,7.0,4,2,6
537,3,9,6,0,,3,2,6
538,5,16,7,6,9.0,4,3,7
539,4,10,6,0,7.0,3,1,7
540,5,11,7,3,9.0,4,2,7
541,4,13,6,0,7.0,3,1,6
542,4,9,6,0,7.0,3,1,6
543,3,8,6,0,7.0,3,1,7
544,5,11,6,0,9.0,3,1,8
545,4,13,7,3,9.0,4,3,7
546,5,13,7,4,9.0,4,3,8
547,5,13,6,3,,4,3,7
548,5,11,6,0,7.0,4,1,6
549,3,11,6,1,7.0,3,2,6
550,5,13,7,0,9.0,4,2,8
551,4,11,6,0,7.0,4,1,6
552,5,13,7,3,9.0,4,3,7
553,4,11,7,0,7.0,3,1,0
554,3,10,6,0,9.0,3,3,7
555,5,12,7,0,,5,2,7
556,5,12,7,3,,3,1,6
557,4,11,9,0,,3,2,6
558,3,11,6,3,,3,3,7
559,3,14,6,0,7.0,3,1,5
560,5,13,6,4,6.0,3,2,6
561,3,10,6,0,7.0,3,1,6
562,5,12,7,0,9.0,4,3,7
563,5,11,8,0,,4,2,8
564,4,12,6,0,7.0,3,1,6
565,3,12,6,0,,3,2,7
566,3,11,6,0,7.0,3,1,7
567,5,10,6,0,,4,2,7
568,5,11,7,4,9.0,4,3,7
569,4,12,6,0,7.0,4,1,6
570,5,15,6,4,6.0,3,1,5
571,5,10,6,4,7.0,3,2,7
572,3,13,7,0,7.0,4,1,6
573,3,9,6,0,7.0,3,1,6
574,4,10,7,0,8.0,3,1,6
575,5,12,6,3,,3,1,6
576,3,14,7,0,7.0,3,1,6
577,5,13,8,0,,4,2,6
578,5,11,7,0,,4,1,7
579,2,9,5,4,7.0,3,3,7
580,4,11,6,0,7.0,3,2,6
581,5,10,6,4,6.0,3,1,6
582,2,10,6,3,,3,1,6
583,5,12,7,4,9.0,4,3,7
584,3,10,6,4,6.0,2,1,4
585,3,11,6,3,,3,1,6
586,5,12,6,3,,3,1,6
587,3,12,6,0,7.0,4,1,6
588,3,9,6,0,,2,2,6
589,5,13,7,8,,4,2,8
590,5,12,7,4,,4,2,7
591,3,13,7,0,6.0,4,2,6
592,3,12,6,0,,3,1,7
593,4,11,6,0,7.0,3,1,6
594,4,10,6,0,7.0,3,1,6
595,5,14,8,4,9.0,5,2,8
596,3,13,6,6,,4,3,6
597,5,14,7,0,,4,2,5
598,5,13,7,0,9.0,3,1,7
599,3,10,5,0,7.0,3,1,7
600,5,14,8,4,9.0,5,2,8
601,5,12,6,4,6.0,3,1,6
602,5,12,7,0,,4,3,7
603,3,10,6,0,7.0,3,1,7
604,3,11,6,3,9.0,3,3,7
605,5,12,7,4,9.0,4,2,7
606,2,10,6,0,3.0,3,1,6
607,3,12,6,0,7.0,3,1,6
608,3,9,6,0,9.0,3,1,6
609,5,11,6,0,,4,2,7
610,3,9,6,8,7.0,3,2,5
611,4,12,6,0,,5,2,6
612,5,13,7,3,,4,3,8
613,5,12,6,3,,4,2,7
614,2,10,6,4,9.0,3,2,0
615,5,12,6,0,7.0,3,2,6
616,2,5,4,1,,2,1,5
617,5,12,7,0,9.0,4,2,7
618,5,13,7,3,9.0,4,3,7
619,3,7,6,0,,4,2,0
620,5,12,6,3,9.0,3,3,7
621,5,12,7,0,,4,2,7
622,3,10,5,0,7.0,6,2,0
623,4,9,6,0,7.0,3,2,6
624,4,10,6,0,7.0,3,1,5
625,4,13,7,0,5.0,4,2,6
626,3,10,6,6,7.0,6,2,0
627,5,12,7,0,,4,3,7
628,4,10,6,0,7.0,3,2,6
629,5,13,7,4,9.0,4,2,8
630,5,11,6,0,,4,2,7
631,5,11,7,0,7.0,6,3,6
632,5,13,6,4,7.0,4,2,6
633,5,11,6,2,7.0,3,1,6
634,3,6,5,0,6.0,3,1,5
635,4,10,6,0,9.0,4,3,7
636,5,11,7,0,7.0,4,3,7
637,5,11,7,0,7.0,4,2,7
638,3,11,6,4,7.0,3,2,6
639,5,12,6,0,7.0,3,1,6
640,4,13,6,1,8.0,4,2,6
641,5,14,7,5,9.0,5,2,8
642,3,11,6,0,7.0,3,1,6
643,5,11,7,4,9.0,4,2,8
644,5,13,7,4,9.0,4,2,7
645,5,12,6,0,7.0,3,1,7
646,4,10,6,0,7.0,2,1,6
647,5,13,7,4,,4,3,7
648,5,12,7,0,7.0,4,3,7
649,5,11,6,0,,3,1,7
650,5,11,6,3,9.0,3,3,7
651,5,11,6,0,,3,2,6
652,5,12,7,0,7.0,4,1,6
653,3,11,6,4,7.0,3,1,5
654,4,14,6,0,7.0,3,2,7
655,3,9,6,0,6.0,3,1,0
656,5,14,8,4,7.0,3,2,6
657,5,12,7,4,9.0,4,3,7
658,4,11,6,0,6.0,6,2,6
659,5,12,7,6,,4,3,7
660,3,11,6,3,7.0,3,1,6
661,3,12,6,3,7.0,3,2,7
662,5,11,6,1,7.0,4,2,6
663,2,11,6,3,,3,2,6
664,2,14,6,3,9.0,4,3,6
665,5,14,7,4,9.0,5,3,8
666,5,12,7,0,,4,3,7
667,4,12,7,8,7.0,3,2,6
668,5,13,6,8,7.0,6,4,6
669,5,12,6,3,7.0,3,1,6
670,5,13,7,0,9.0,4,2,7
671,5,13,7,0,,4,2,7
672,5,12,7,3,9.0,4,3,7
673,5,15,8,3,7.0,4,3,7
674,3,10,6,4,7.0,3,2,6
675,3,10,6,0,,3,1,7
676,4,12,6,0,7.0,3,1,6
677,4,9,6,4,7.0,3,2,6
678,3,9,6,0,,3,2,6
679,4,11,6,3,7.0,3,2,5
680,5,12,6,0,7.0,3,1,6
681,5,13,7,6,9.0,4,3,7
682,3,14,6,3,,4,2,6
683,5,11,6,3,,3,3,7
684,5,13,7,4,,4,2,7
685,5,11,7,0,,4,3,7
686,3,12,6,0,,3,3,6
687,5,11,6,2,,4,2,7
688,5,14,8,8,7.0,5,3,8
689,5,11,7,4,7.0,3,1,6
690,5,11,6,0,,3,3,7
691,4,8,6,0,6.0,3,1,6
692,5,12,7,0,7.0,4,1,6
693,5,12,7,4,9.0,4,2,8
694,3,11,6,4,7.0,3,1,6
695,4,12,6,3,,4,2,7
696,3,12,6,0,9.0,4,2,7
697,4,12,6,0,,4,3,8
698,5,13,7,4,9.0,5,3,8
699,2,10,6,0,,3,1,7
700,5,13,7,3,9.0,4,2,7
701,5,11,7,4,,4,1,7
702,5,9,6,0,9.0,4,2,7
703,3,13,6,6,7.0,6,2,0
704,3,11,6,0,7.0,3,1,6
705,5,13,7,3,,4,3,7
706,5,12,7,6,9.0,5,3,6
707,3,11,6,6,,3,1,7
708,4,11,6,4,9.0,3,1,6
709,3,9,6,3,5.0,2,1,6
710,5,14,7,4,9.0,5,2,8
711,5,12,7,0,,4,2,7
712,4,9,6,0,,9,2,6
713,5,10,6,0,,3,1,6
714,5,10,6,0,9.0,3,1,6
715,5,12,7,0,7.0,4,1,6
716,3,14,6,4,6.0,3,3,6
717,5,12,7,8,,4,3,7
718,5,13,7,0,9.0,4,3,7
719,4,12,6,3,,4,1,6
720,5,12,7,12,7.0,3,2,6
721,5,12,7,0,7.0,4,2,7
722,5,13,7,4,,4,3,8
723,3,13,7,0,7.0,3,2,8
724,3,12,6,0,7.0,3,3,6
725,5,13,7,3,,4,3,7
726,5,10,7,4,9.0,4,2,7
727,3,12,7,3,9.0,3,2,6
728,5,12,6,4,7.0,3,1,6
729,5,13,7,4,9.0,4,2,7
730,4,10,6,0,5.0,3,1,5
731,5,13,7,0,,4,2,7
732,5,11,6,3,9.0,3,3,7
733,5,13,7,4,,4,3,7
734,3,11,6,0,7.0,3,1,7
735,2,10,6,3,7.0,3,2,6
736,5,10,6,0,7.0,3,2,7
737,5,11,6,1,8.0,3,1,6
738,3,12,6,3,7.0,3,2,7
739,3,14,6,0,,3,1,6
740,2,10,6,0,,3,1,6
741,5,12,7,3,,4,2,7
742,5,12,7,3,7.0,4,3,6
743,5,11,6,4,7.0,3,1,6
744,3,11,6,0,7.0,3,1,6
745,4,14,9,3,9.0,3,3,8
746,5,10,6,3,7.0,3,2,6
747,5,12,6,3,,3,3,7
748,3,12,6,1,,3,3,6
749,3,14,6,0,7.0,3,1,6
750,5,13,7,8,,4,2,8
751,5,13,7,0,,4,2,7
752,4,11,6,0,7.0,3,1,6
753,2,11,6,3,7.0,3,3,7
754,3,12,7,2,,3,2,6
755,4,9,6,0,7.0,3,1,6
756,5,11,6,0,7.0,5,2,6
757,5,14,8,10,9.0,5,2,8
758,3,11,6,0,4.0,3,1,4
759,4,10,6,0,9.0,3,3,8
760,5,13,7,4,9.0,4,2,7
761,5,12,6,3,7.0,3,1,6
762,5,12,7,3,9.0,4,3,7
763,4,9,6,1,7.0,3,2,6
764,5,13,6,6,9.0,4,2,6
765,4,14,6,0,,3,2,6
766,5,13,7,8,9.0,4,2,9
767,4,12,6,3,9.0,3,3,7
768,5,12,7,0,,4,2,7
769,5,13,7,8,9.0,4,3,7
770,5,11,6,3,7.0,4,2,7
771,5,12,7,3,7.0,3,3,7
772,4,12,6,4,7.0,4,2,0
773,3,9,6,0,7.0,6,2,6
774,5,13,6,8,9.0,3,3,6
775,3,9,6,0,7.0,3,1,6
776,5,11,6,0,7.0,6,2,6
777,5,12,7,0,9.0,4,3,7
778,3,14,7,0,,3,1,6
779,5,10,6,0,7.0,3,2,6
780,2,11,6,0,,6,2,6
781,5,11,7,3,7.0,4,3,7
782,5,14,7,4,9.0,5,4,8
783,3,10,6,0,5.0,3,1,6
784,4,13,7,0,9.0,3,1,7
785,3,11,6,0,7.0,3,2,6
786,3,10,6,4,7.0,3,1,7
787,5,13,7,4,9.0,4,2,7
788,3,12,6,3,7.0,3,1,7
789,5,12,7,5,,4,2,8
790,3,12,6,0,,4,2,6
791,3,13,6,6,,4,2,7
792,5,12,7,0,7.0,4,2,7
793,3,11,7,3,7.0,4,2,7
794,5,13,7,3,,4,3,7
795,4,10,6,8,7.0,3,2,7
796,3,14,7,6,9.0,4,1,7
797,4,13,6,0,7.0,3,1,7
798,5,12,7,0,,4,2,7
799,5,12,7,4,,4,3,7
800,3,12,6,3,9.0,4,3,7
801,3,11,6,0,7.0,3,1,6
802,3,12,6,0,7.0,3,1,6
803,5,13,6,3,9.0,3,3,6
804,3,5,6,0,,3,2,6
805,4,12,7,0,,4,4,7
806,3,12,6,0,7.0,3,1,6
807,5,12,5,2,7.0,3,1,5
808,5,12,7,4,9.0,4,3,8
809,5,12,6,4,7.0,3,1,6
810,3,10,6,0,7.0,3,1,6
811,3,12,7,0,,3,1,6
812,5,13,7,3,9.0,4,3,7
813,3,11,6,3,9.0,3,3,6
814,3,11,6,0,,6,2,6
815,5,13,7,4,,4,2,7
816,5,12,7,0,9.0,4,2,8
817,5,11,6,8,7.0,3,2,6
818,4,11,6,0,5.0,3,1,5
819,3,9,6,0,9.0,3,1,6
820,3,13,7,0,,3,3,7
821,4,11,5,1,,3,2,6
822,3,10,6,0,,3,1,6
823,5,14,7,5,9.0,4,3,7
824,4,10,7,0,7.0,4,2,6
825,5,12,7,0,7.0,4,3,7
826,5,12,8,3,,4,3,7
827,5,14,7,4,,5,4,8
828,5,12,6,0,,4,1,6
829,3,11,6,0,7.0,6,2,6
830,3,10,6,0,,3,2,6
831,5,12,7,4,9.0,4,2,7
832,3,11,6,0,,3,2,6
833,5,13,7,4,9.0,4,2,8
834,5,13,7,4,,4,2,7
835,2,11,5,3,9.0,3,1,6
836,3,10,6,3,,3,1,7
837,5,13,7,3,9.0,4,2,7
838,4,14,8,0,7.0,5,2,6
839,3,11,6,1,7.0,3,2,7
840,3,10,6,0,,3,1,6
841,4,12,6,3,,3,3,6
842,5,12,7,0,,4,2,7
843,3,13,7,3,9.0,4,1,7
844,4,10,6,2,7.0,3,1,7
845,5,12,7,0,,4,3,7
846,2,11,6,0,9.0,3,2,7
847,3,12,6,4,,3,2,7
848,5,12,6,3,,4,3,7
849,3,12,6,3,7.0,3,1,6
850,3,12,6,0,6.0,3,2,7
851,5,11,6,0,9.0,3,2,8
852,3,11,6,4,7.0,3,2,6
853,5,12,6,0,7.0,4,1,6
854,3,10,6,6,7.0,3,1,7
855,5,13,6,4,9.0,3,2,7
856,4,9,8,0,7.0,6,2,5
857,5,13,6,0,9.0,3,2,7
858,3,12,7,0,7.0,4,1,7
859,5,12,7,0,,4,3,7
860,5,10,6,0,,3,1,6
861,5,14,7,15,9.0,5,2,8
862,5,12,6,0,9.0,3,1,7
863,3,11,6,0,7.0,3,2,6
864,3,11,6,3,,4,2,6
865,3,10,6,6,7.0,8,2,7
866,5,12,7,0,,4,3,7
867,5,11,7,3,9.0,3,2,8
868,4,12,7,3,9.0,4,2,7
869,4,7,4,0,6.0,6,6,6
870,2,10,7,0,7.0,3,2,6
871,5,12,7,4,9.0,4,2,7
872,5,13,7,4,9.0,4,3,8
873,5,12,7,0,,4,2,7
874,3,12,6,3,7.0,3,3,6
875,5,13,8,4,,4,3,6
876,5,10,6,3,7.0,3,1,6
877,3,10,6,0,7.0,3,1,6
878,3,10,7,6,7.0,3,1,6
